n_samples,value_binary,value_level
1024,0.9400210857391358,925.3538666009903
